{
    "rmse": 0.6965772612426246,
    "mae": 0.5483179514398742,
    "r2": 0.26759263263354616
}