{
    "rmse": 0.6994738954478973,
    "mae": 0.5478756798803386,
    "r2": 0.2821834941123007
}